[
    {
        "description": "Used 2022 Acura ILX w/ Premium Package",
        "price": "26999.00",
        "mileage": "15345",
        "imageUrl": "https://images.autotrader.com/hn/c/75c3611d0e364f8fbd43be26b7362029.jpg",
        "mainLink": "https://www.autotrader.com/cars-for-sale/vehicle/718100423"
    },
    {
        "description": "Used 2021 Acura ILX w/ Premium Package",
        "price": "25991.00",
        "mileage": "21860",
        "imageUrl": "https://images.autotrader.com/hn/c/beb4de069d9a48748f73afa8a92369e4.jpg",
        "mainLink": "https://www.autotrader.com/cars-for-sale/vehicle/718267460"
    },
    {
        "description": "Used 2021 Acura ILX w/ Premium Package",
        "price": "25981.00",
        "mileage": "10716",
        "imageUrl": "https://images.autotrader.com/hn/c/f28149e369544fccbca0b438d77dd4a8.jpg",
        "mainLink": "https://www.autotrader.com/cars-for-sale/vehicle/716424384"
    },
    {
        "description": "Used 2022 Acura ILX w/ Premium & A-SPEC Package",
        "price": "25782.00",
        "mileage": "46317",
        "imageUrl": "https://images.autotrader.com/hn/c/2f50b8b99da24b5e9caa00a56c77f465.jpg",
        "mainLink": "https://www.autotrader.com/cars-for-sale/vehicle/718732220"
    },
    {
        "description": "Used 2021 Acura ILX",
        "price": "25678.00",
        "mileage": "24700",
        "imageUrl": "https://images.autotrader.com/hn/c/55e6d96cdc8940ea9aeaf18215e0783b.jpg",
        "mainLink": "https://www.autotrader.com/cars-for-sale/vehicle/718245323"
    },
    {
        "description": "Used 2022 Acura ILX",
        "price": "25454.00",
        "mileage": "41230",
        "imageUrl": "https://images.autotrader.com/hn/c/0a8edc2f07f84f8182016a0d9a3025bb.jpg",
        "mainLink": "https://www.autotrader.com/cars-for-sale/vehicle/718770772"
    },
    {
        "description": "Used 2019 Acura ILX",
        "price": "24995.00",
        "mileage": "40443",
        "imageUrl": "https://images.autotrader.com/hn/c/c494957b5ac840ef97ef9b9968b20c0f.jpg",
        "mainLink": "https://www.autotrader.com/cars-for-sale/vehicle/718545170"
    },
    {
        "description": "Used 2021 Acura ILX w/ Premium Package",
        "price": "24995.00",
        "mileage": "12365",
        "imageUrl": "https://images.autotrader.com/hn/c/983803c43126438e97e23c778a19b682.jpg",
        "mainLink": "https://www.autotrader.com/cars-for-sale/vehicle/718438711"
    },
    {
        "description": "Used 2021 Acura ILX",
        "price": "24956.00",
        "mileage": "26870",
        "imageUrl": "https://images.autotrader.com/hn/c/63294876f25b4867929b4a9a917b37c4.jpg",
        "mainLink": "https://www.autotrader.com/cars-for-sale/vehicle/718353550"
    },
    {
        "description": "Used 2021 Acura ILX w/ Premium Package",
        "price": "23450.00",
        "mileage": "40610",
        "imageUrl": "https://images.autotrader.com/hn/c/94203188841b4aa3a127e7c2f0039c27.jpg",
        "mainLink": "https://www.autotrader.com/cars-for-sale/vehicle/718397577"
    },
    {
        "description": "Certified 2021 Acura ILX Base FWD",
        "price": "23388.00",
        "mileage": "24338",
        "imageUrl": "https://images.autotrader.com/hn/c/44586fb527fb4990885bc19953afdf7b.jpg",
        "mainLink": "https://www.autotrader.com/cars-for-sale/vehicle/718323432"
    },
    {
        "description": "Used 2021 Acura ILX w/ Premium Package",
        "price": "23362.00",
        "mileage": "27143",
        "imageUrl": "https://images.autotrader.com/hn/c/6d098575d63e4c57b9717038fce50c0d.jpg",
        "mainLink": "https://www.autotrader.com/cars-for-sale/vehicle/718614286"
    },
    {
        "description": "Used 2021 Acura ILX",
        "price": "23000.00",
        "mileage": "4864",
        "imageUrl": "https://images.autotrader.com/hn/c/56ff9b4aff224f5f809ace424201bd9f.jpg",
        "mainLink": "https://www.autotrader.com/cars-for-sale/vehicle/718268823"
    },
    {
        "description": "Used 2021 Acura ILX w/ Premium Package",
        "price": "22681.00",
        "mileage": "35734",
        "imageUrl": "https://images.autotrader.com/hn/c/44201e1d15554d68bdec2d29ac0fd897.jpg",
        "mainLink": "https://www.autotrader.com/cars-for-sale/vehicle/718676190"
    },
    {
        "description": "Used 2021 Acura ILX",
        "price": "22000.00",
        "mileage": "21290",
        "imageUrl": "https://images.autotrader.com/hn/c/8141af4cd72247a5bfc54d4b3027fc2e.jpg",
        "mainLink": "https://www.autotrader.com/cars-for-sale/vehicle/718551936"
    },
    {
        "description": "Used 2021 Acura ILX w/ Premium Package",
        "price": "21998.00",
        "mileage": "22755",
        "imageUrl": "https://images.autotrader.com/hn/c/23658a61e3244a73b49b0762f756e08f.jpg",
        "mainLink": "https://www.autotrader.com/cars-for-sale/vehicle/718421710"
    },
    {
        "description": "Used 2019 Acura ILX",
        "price": "20600.00",
        "mileage": "56091",
        "imageUrl": "https://images.autotrader.com/hn/c/6aeeaf1fa3c0428ebaa7fe3574c56372.jpg",
        "mainLink": "https://www.autotrader.com/cars-for-sale/vehicle/718589275"
    },
    {
        "description": "Used 2019 Acura ILX",
        "price": "19950.00",
        "mileage": "53001",
        "imageUrl": "https://images.autotrader.com/hn/c/516954daf0534c8192a3ec86c58d0b81.jpg",
        "mainLink": "https://www.autotrader.com/cars-for-sale/vehicle/712563343"
    },
    {
        "description": "Used 2018 Acura ILX",
        "price": "19229.00",
        "mileage": "52103",
        "imageUrl": "https://images.autotrader.com/hn/c/11b9ece802f04a119858d7f29fb9990c.jpg",
        "mainLink": "https://www.autotrader.com/cars-for-sale/vehicle/718702948"
    },
    {
        "description": "Used 2019 Acura ILX w/ Premium Package",
        "price": "18991.00",
        "mileage": "110039",
        "imageUrl": "https://images.autotrader.com/hn/c/5cd1166079bd428b98565173160ebcf0.jpg",
        "mainLink": "https://www.autotrader.com/cars-for-sale/vehicle/718267461"
    },
    {
        "description": "Used 2021 Acura ILX",
        "price": "18000.00",
        "mileage": "55837",
        "imageUrl": "https://images.autotrader.com/hn/c/f917bb8990aa48849a0080e263637af4.jpg",
        "mainLink": "https://www.autotrader.com/cars-for-sale/vehicle/718232384"
    },
    {
        "description": "Used 2016 Acura ILX",
        "price": "17500.00",
        "mileage": "59646",
        "imageUrl": "https://images.autotrader.com/hn/c/31a5fa2e2c164bd1b0ee48ffddeef2cf.jpg",
        "mainLink": "https://www.autotrader.com/cars-for-sale/vehicle/718483655"
    },
    {
        "description": "Used 2017 Acura ILX",
        "price": "16995.00",
        "mileage": "71153",
        "imageUrl": "https://images.autotrader.com/hn/c/035b37b30a8b476e9d7b895dd1bf3a12.jpg",
        "mainLink": "https://www.autotrader.com/cars-for-sale/vehicle/718489249"
    },
    {
        "description": "Used 2016 Acura ILX",
        "price": "12600.00",
        "mileage": "125687",
        "imageUrl": "https://images.autotrader.com/hn/c/72c83adb5eb34567ae63a7ab22575ea9.jpg",
        "mainLink": "https://www.autotrader.com/cars-for-sale/vehicle/715131741"
    },
    {
        "description": "Used 2021 Acura ILX w/ Premium Package",
        "price": "24288.00",
        "mileage": "17014",
        "imageUrl": "https://images.autotrader.com/hn/c/2a735ca3bb5f4268b98bda8af3312511.jpg",
        "mainLink": "https://www.autotrader.com/cars-for-sale/vehicle/715403839"
    },
    {
        "description": "Used 2022 Acura ILX w/ Premium & A-SPEC Package",
        "price": "29499.00",
        "mileage": "22411",
        "imageUrl": "https://images.autotrader.com/hn/c/4a5e069caefa45edba5823691261ff50.jpg",
        "mainLink": "https://www.autotrader.com/cars-for-sale/vehicle/717424907"
    }
]