[{"imageUrl": "https://www.cars.com/i/large/in/v2/717dfe6e-9e98-50cf-a82a-dc373c3e2016/9ce86c24-2336-4b51-a4a5-ef6d6a20a90c/VUMAXTY1moJoxEjIIauyf6-cLA8.jpg", "description": "2024 Acura ZDX A-SPEC", "mileage": 0, "price": "$70,450", "mainUrl": "https://cars.com/vehicledetail/b1cd3d3d-6fb3-44ac-8818-fd1d45f9e7ff/", "trim": "A-SPEC"}, {"imageUrl": "https://www.cars.com/i/large/in/v2/735b3aa8-c74f-5b22-af80-4a0bdbc744bc/0cd6e623-8d36-4a2f-b720-76b495b2c2d5/o3l4rXdQVzpQrAPkI0s0nd5UhSM.jpg", "description": "2024 Acura ZDX A-SPEC", "mileage": 0, "price": "$70,450", "mainUrl": "https://cars.com/vehicledetail/b16a9654-c101-4056-9190-4f77d2508f0f/", "trim": "A-SPEC"}, {"imageUrl": "https://www.cars.com/i/large/in/v2/71f91658-34a6-4c28-973b-dfb108efe4b0/dd8a5435-5a2c-4f93-a637-bb9f25c7bb00/8K2eNHCxEw788Pged6kZyWo5HAc.jpg", "description": "2024 Acura ZDX A-SPEC", "mileage": 0, "price": "$70,450", "mainUrl": "https://cars.com/vehicledetail/152a90cd-e62e-404a-bc07-9a167158bb51/", "trim": "A-SPEC"}, {"imageUrl": "https://www.cars.com/i/large/in/v2/9184b892-cc7c-522c-8e18-7b4c9796fc3d/cc96b3ce-47fd-4735-a359-c839a4d3e51f/Rz_6xELp1bTSxPBShu6V0-MxJRM.jpg", "description": "2024 Acura ZDX w/A-Spec Package", "mileage": 0, "price": "$70,450", "mainUrl": "https://cars.com/vehicledetail/4059185c-c8c0-4683-b350-cb44f832d319/", "trim": "Package"}, {"imageUrl": "https://www.cars.com/i/large/in/v2/735b3aa8-c74f-5b22-af80-4a0bdbc744bc/c5645869-d25f-4a93-8962-9fcdce3babfe/w7dm4F8g7FWYRI0xQ4zOPAR9_F0.jpg", "description": "2024 Acura ZDX A-SPEC", "mileage": 0, "price": "$70,450", "mainUrl": "https://cars.com/vehicledetail/b05b9b1e-02a9-4bb7-973a-1cd4d6fe801a/", "trim": "A-SPEC"}, {"imageUrl": "https://www.cars.com/i/large/in/v2/735b3aa8-c74f-5b22-af80-4a0bdbc744bc/c88cd295-c029-490d-82f9-83480d5eb1f8/GbcXXaMBtVWPb7InFao1vsctpLg.jpg", "description": "2024 Acura ZDX A-SPEC", "mileage": 0, "price": "$70,450", "mainUrl": "https://cars.com/vehicledetail/5995e9f3-e819-47da-b182-91b7d1053745/", "trim": "A-SPEC"}, {"imageUrl": "https://www.cars.com/i/large/in/v2/3c1a6745-59a2-5145-8007-618ec7db7144/6f204125-5125-432d-97a8-958b24b24eb7/nJfuuaQcnciY0r_WDhHrRLl5XoE.jpg", "description": "2016 Acura TLX V6 Tech", "mileage": "70,323 mi.", "price": "$18,995", "mainUrl": "https://cars.com/vehicledetail/dce78616-fac5-4bcf-af4b-fc54f92d2727/", "trim": "Tech"}, {"imageUrl": "https://www.cars.com/i/large/in/v2/841f0042-a3bb-4f93-8c34-0b6d22065f99/f47360d2-2f21-4456-84a1-e41ed64100fd/DvihIUhRBYdRRUNbRRnMzCsQvaY.jpg", "description": "2021 Acura ILX Premium Package", "mileage": "19,317 mi.", "price": "$25,000", "mainUrl": "https://cars.com/vehicledetail/694cb5bc-311b-4183-9f96-32c45582481a/", "trim": "Package"}, {"imageUrl": "https://www.cars.com/i/large/in/v2/3535427f-3b0f-5414-ba0d-5e8341948a19/6b6576f6-d0b5-4ecc-b6c2-7356c0de4d67/2g-iWFnRFuhx_wh6JLHM4KUDJo0.jpg", "description": "2018 Acura TLX Technology", "mileage": "60,044 mi.", "price": "$20,888", "mainUrl": "https://cars.com/vehicledetail/0512c3a4-2087-48e9-9669-1c496c4e3f99/", "trim": "Technology"}, {"imageUrl": "https://www.cars.com/i/large/in/v2/cbadf73c-39b0-5037-95fa-bd61aa7570b8/66ef11d2-51d1-41be-ac74-b0a13bd0ff08/FjdPc7umi2McXKPd_wh66cDKvos.jpg", "description": "2019 Acura RDX Advance Package", "mileage": "38,698 mi.", "price": "$28,608", "mainUrl": "https://cars.com/vehicledetail/4657e413-1251-4d28-9759-97d7f9d8e6da/", "trim": "Package"}, {"imageUrl": "https://www.cars.com/i/large/in/v2/2a2d96ad-d283-5b9c-82fc-fc63f885cd8e/e5b96538-f168-4911-92a6-7a529c5338ca/EyxwM4WJj789v-Oav3VHPrZagQg.jpg", "description": "2018 Acura MDX 3.5L", "mileage": "36,627 mi.", "price": "$25,880", "mainUrl": "https://cars.com/vehicledetail/43daae2b-827f-435e-be2b-09a61395194f/", "trim": "3.5L"}, {"imageUrl": "https://www.cars.com/i/large/in/v2/519eb9b3-c8a8-5391-afa1-9553ab5965f8/19be1d64-91cd-4ff6-a880-5da57fa53556/L0xL_qLQE6ShxlP9XUz2dx7ICkY.jpg", "description": "2014 Acura RLX Advance Package", "mileage": "66,737 mi.", "price": "$17,977", "mainUrl": "https://cars.com/vehicledetail/719b2347-f1d3-4525-8816-4b17b01bccd8/", "trim": "Package"}, {"imageUrl": "https://www.cars.com/i/large/in/v2/18f81ebf-0f94-5249-94ca-f4e19b0e5521/1a151645-bf65-41a1-a7fc-d29a57c98745/XFKsTp11lxV_C6ODb0E1Lc1Isn8.jpg", "description": "2016 Acura RLX Sport Hybrid Advance Package", "mileage": "52,212 mi.", "price": "$22,500", "mainUrl": "https://cars.com/vehicledetail/e03bcc95-431e-49ec-bc3b-b6dd45fce297/", "trim": "Package"}, {"imageUrl": "https://www.cars.com/i/large/in/v2/9d334312-4a17-4aa5-a587-8fa8d5043e7f/035798ea-c159-4f4a-a2e8-10b7ee3e02a4/FBWBC6T-KfVpFmBk1H3DAxPHG40.jpg", "description": "2017 Acura MDX 3.5L", "mileage": "96,685 mi.", "price": "$19,292", "mainUrl": "https://cars.com/vehicledetail/9acbebd7-c7a6-4b4b-9075-8df3ddb5b8d7/", "trim": "3.5L"}, {"imageUrl": "https://www.cars.com/i/large/in/v2/d574b81a-0acf-42b8-9bd4-2a2800a59984/24dc99e6-3b86-4a8f-8dc8-9fdb0c6e01d8/YFOVUli5hrY9ie123bgdhndciOM.jpg", "description": "2022 Acura MDX SH-AWD", "mileage": "27,044 mi.", "price": "$39,998", "mainUrl": "https://cars.com/vehicledetail/568a825c-c7a0-4db6-8f57-3d58187ac288/", "trim": "SH-AWD"}, {"imageUrl": "https://www.cars.com/i/large/in/v2/c9a02d8e-7cc6-5348-86d1-8d382c3c701b/8ec1b124-4aa2-48f9-8530-60f0e2e3fe20/RCM9PVlKsY2hp3xPbKsFRJXRCg0.jpg", "description": "2017 Acura RLX Technology Package", "mileage": "14,395 mi.", "price": "$27,495", "mainUrl": "https://cars.com/vehicledetail/d55d60f9-ae39-4b08-b60c-e2d609e7d236/", "trim": "Package"}, {"imageUrl": "https://www.cars.com/i/large/in/v2/375aeb43-d2ab-51cc-8297-f632ada25c65/debca5a6-d459-4c1a-a804-487480e09e6c/7VGiSxoEcsLd4kyJmlkVuuWQV34.jpg", "description": "2011 Acura MDX 3.7L", "mileage": "109,168 mi.", "price": "$10,799", "mainUrl": "https://cars.com/vehicledetail/e28b8695-e832-4fa0-be27-42a8fdb2b224/", "trim": "3.7L"}, {"imageUrl": "https://www.cars.com/i/large/in/v2/d7b86de3-8fbe-56ce-9819-3d0e5fdf7655/d2a3699e-f52b-401b-9f5a-d98b7e61da79/umdESND2Fw9FgAzVTHwqgyI_HzI.jpg", "description": "2013 Acura TSX 2.4", "mileage": "94,758 mi.", "price": "$13,683", "mainUrl": "https://cars.com/vehicledetail/96afd8af-d94e-47a7-b61e-261e40659433/", "trim": "2.4"}, {"imageUrl": "https://www.cars.com/i/large/in/v2/1a00d27f-3d69-5051-964e-c3eac1940f69/587b6655-818b-47a5-b18f-0c46579663e1/M6iI0-C8AntxKi856spId2kifjw.jpg", "description": "2017 Acura RDX Base", "mileage": "88,534 mi.", "price": "$15,797", "mainUrl": "https://cars.com/vehicledetail/6f9d538c-177c-4306-9e95-8c08d8aedb76/", "trim": "Base"}, {"imageUrl": "https://www.cars.com/i/large/in/v2/18587563-f3ef-50f2-8502-5cf449781905/8e0b538c-3831-4493-b677-c543e9d8035b/EBl-C8kdTQghzMPl0UPcVNV2-HU.jpg", "description": "2010 Acura MDX 3.7L Technology", "mileage": "160,377 mi.", "price": "$9,991", "mainUrl": "https://cars.com/vehicledetail/571fffed-52ea-4c7b-a657-3d6023bf38b8/", "trim": "Technology"}]