[
    {
        "imageUrl": "https://www.edmunds.com/assets/m/for-sale/1b-2hnyd18816h500822/img-1-600x400.jpg",
        "description": "2006 Acura MDX",
        "mileage": "132,554 miles",
        "price": "$5,991",
        "mainUrl": "https://www.edmunds.com/acura/mdx/2006/vin/2HNYD18816H500822/?radius=50",
        "trim": "Touring  4dr SUV w/Nav"
    },
    {
        "imageUrl": "https://www.edmunds.com/assets/m/for-sale/aa-19uua56673a057979/img-1-600x400.jpg",
        "description": "2003 Acura TL",
        "mileage": "195,656 miles",
        "price": "$4,991",
        "mainUrl": "https://www.edmunds.com/acura/tl/2003/vin/19UUA56673A057979/?radius=50",
        "trim": "3.2  Sedan"
    },
    {
        "imageUrl": "https://www.edmunds.com/assets/m/for-sale/3d-2hnyd2h69ah511564/img-1-600x400.jpg",
        "description": "2010 Acura MDX",
        "mileage": "158,234 miles",
        "price": "$8,991",
        "mainUrl": "https://www.edmunds.com/acura/mdx/2010/vin/2HNYD2H69AH511564/?radius=50",
        "trim": "Technology Package  4dr SUV"
    },
    {
        "imageUrl": "https://www.edmunds.com/assets/m/for-sale/ab-jh4cu2f60ac022829/img-1-600x400.jpg",
        "description": "2010 Acura TSX",
        "mileage": "108,493 miles",
        "price": "$10,995",
        "mainUrl": "https://www.edmunds.com/acura/tsx/2010/vin/JH4CU2F60AC022829/?radius=50",
        "trim": "Technology Package  Sedan"
    },
    {
        "imageUrl": "https://www.edmunds.com/assets/m/for-sale/55-19uua66205a006457/img-1-600x400.jpg",
        "description": "2005 Acura TL",
        "mileage": "113,330 miles",
        "price": "$8,500",
        "mainUrl": "https://www.edmunds.com/acura/tl/2005/vin/19UUA66205A006457/?radius=50",
        "trim": "3.2  Sedan"
    },
    {
        "imageUrl": "https://www.edmunds.com/assets/m/for-sale/b6-5j8tc1h30kl004450/img-1-600x400.jpg",
        "description": "2019 Acura RDX",
        "mileage": "63,277 miles",
        "price": "$22,975",
        "mainUrl": "https://www.edmunds.com/acura/rdx/2019/vin/5J8TC1H30KL004450/?radius=50",
        "trim": "Base  4dr SUV"
    },
    {
        "imageUrl": "https://www.edmunds.com/assets/m/for-sale/30-19uub6f44ma010184/img-1-600x400.jpg",
        "description": "2021 Acura TLX",
        "mileage": "11,928 miles",
        "price": "$32,222",
        "mainUrl": "https://www.edmunds.com/acura/tlx/2021/vin/19UUB6F44MA010184/?radius=50",
        "trim": "SH-AWD  Sedan w/2.0T and Technology Package"
    },
    {
        "imageUrl": "https://www.edmunds.com/assets/m/for-sale/5e-5j8ye1h00nl022425/img-1-600x400.jpg",
        "description": "2022 Acura MDX",
        "mileage": "26,246 miles",
        "price": "$44,500",
        "mainUrl": "https://www.edmunds.com/acura/mdx/2022/vin/5J8YE1H00NL022425/?radius=50",
        "trim": "SH-AWD A-Spec  4dr SUV"
    },
    {
        "imageUrl": "https://www.edmunds.com/assets/m/for-sale/00-5j8tc2h54ml033900/img-1-600x400.jpg",
        "description": "2021 Acura RDX",
        "mileage": "24,298 miles",
        "price": "$33,000",
        "mainUrl": "https://www.edmunds.com/acura/rdx/2021/vin/5J8TC2H54ML033900/?radius=50",
        "trim": "SH-AWD  4dr SUV w/Technology Package"
    },
    {
        "imageUrl": "https://www.edmunds.com/assets/m/for-sale/59-5j8ye1h48nl009280/img-1-600x400.jpg",
        "description": "2022 Acura MDX",
        "mileage": "28,568 miles",
        "price": "$42,998",
        "mainUrl": "https://www.edmunds.com/acura/mdx/2022/vin/5J8YE1H48NL009280/?radius=50",
        "trim": "SH-AWD  4dr SUV w/Technology Package"
    },
    {
        "imageUrl": "https://www.edmunds.com/assets/m/for-sale/db-19uub5f43ma011384/img-1-600x400.jpg",
        "description": "2021 Acura TLX",
        "mileage": "61,073 miles",
        "price": "$26,740",
        "mainUrl": "https://www.edmunds.com/acura/tlx/2021/vin/19UUB5F43MA011384/?radius=50",
        "trim": "Base  Sedan w/2.0T and Technology Package"
    },
    {
        "imageUrl": "https://www.edmunds.com/assets/m/for-sale/df-19uua8f26ea001579/img-1-600x400.jpg",
        "description": "2014 Acura TL",
        "mileage": "90,990 miles",
        "price": "$12,991",
        "mainUrl": "https://www.edmunds.com/acura/tl/2014/vin/19UUA8F26EA001579/?radius=50",
        "trim": "Base  Sedan"
    },
    {
        "imageUrl": "https://www.edmunds.com/assets/m/for-sale/7c-19ude2f70ha011221/img-1-600x400.jpg",
        "description": "2017 Acura ILX",
        "mileage": "66,069 miles",
        "price": "$18,000",
        "mainUrl": "https://www.edmunds.com/acura/ilx/2017/vin/19UDE2F70HA011221/?radius=50",
        "trim": "Technology Plus Package  Sedan"
    },
    {
        "imageUrl": "https://www.edmunds.com/assets/m/for-sale/d6-5j8tb1h50ba004626/img-1-600x400.jpg",
        "description": "2011 Acura RDX",
        "mileage": "123,125 miles",
        "price": "$11,490",
        "mainUrl": "https://www.edmunds.com/acura/rdx/2011/vin/5J8TB1H50BA004626/?radius=50",
        "trim": "SH-AWD  4dr SUV w/Technology Package"
    },
    {
        "imageUrl": "https://www.edmunds.com/assets/m/for-sale/7e-5j8yd3h50kl008417/img-1-600x400.jpg",
        "description": "2019 Acura MDX",
        "mileage": "70,964 miles",
        "price": "$23,998",
        "mainUrl": "https://www.edmunds.com/acura/mdx/2019/vin/5J8YD3H50KL008417/?radius=50",
        "trim": "Technology Package  4dr SUV"
    },
    {
        "imageUrl": "https://www.edmunds.com/assets/m/for-sale/3e-2hnyd2h63ah518641/img-1-600x400.jpg",
        "description": "2010 Acura MDX",
        "mileage": "160,377 miles",
        "price": "$9,991",
        "mainUrl": "https://www.edmunds.com/acura/mdx/2010/vin/2HNYD2H63AH518641/?radius=50",
        "trim": "Technology Package  4dr SUV"
    },
    {
        "imageUrl": "https://www.edmunds.com/assets/m/for-sale/e7-2hnyd2h66bh520563/img-1-600x400.jpg",
        "description": "2011 Acura MDX",
        "mileage": "157,360 miles",
        "price": "$10,991",
        "mainUrl": "https://www.edmunds.com/acura/mdx/2011/vin/2HNYD2H66BH520563/?radius=50",
        "trim": "Technology Package  4dr SUV"
    },
    {
        "imageUrl": "https://www.edmunds.com/assets/m/for-sale/05-jh4cu2f61cc030683/img-1-600x400.jpg",
        "description": "2012 Acura TSX",
        "mileage": "93,418 miles",
        "price": "$13,995",
        "mainUrl": "https://www.edmunds.com/acura/tsx/2012/vin/JH4CU2F61CC030683/?radius=50",
        "trim": "Technology Package  Sedan"
    },
    {
        "imageUrl": "https://www.edmunds.com/assets/m/for-sale/c1-5j8tc2h35kl037708/img-1-600x400.jpg",
        "description": "2019 Acura RDX",
        "mileage": "81,577 miles",
        "price": "$21,911",
        "mainUrl": "https://www.edmunds.com/acura/rdx/2019/vin/5J8TC2H35KL037708/?radius=50",
        "trim": "SH-AWD  4dr SUV"
    },
    {
        "imageUrl": "https://www.edmunds.com/assets/m/for-sale/5c-2hnyd2h63bh502733/img-1-600x400.jpg",
        "description": "2011 Acura MDX",
        "mileage": "140,934 miles",
        "price": "$11,988",
        "mainUrl": "https://www.edmunds.com/acura/mdx/2011/vin/2HNYD2H63BH502733/?radius=50",
        "trim": "Technology Package  4dr SUV"
    },
    {
        "imageUrl": "https://www.edmunds.com/assets/m/for-sale/86-19uub1f55ha003519/img-1-600x400.jpg",
        "description": "2017 Acura TLX",
        "mileage": "76,712 miles",
        "price": "$17,620",
        "mainUrl": "https://www.edmunds.com/acura/tlx/2017/vin/19UUB1F55HA003519/?radius=50",
        "trim": "Technology Package  Sedan"
    }
]